{
  "HYBRID": {
    "feasibility": {
      "mean": 0.23,
      "std": 0.4229525846816507,
      "ci_lower": 0.14607703117573792,
      "ci_upper": 0.31392296882426207,
      "n_runs": 100
    },
    "personalization": {
      "mean": 0.2,
      "std": 0.4020151261036849,
      "ci_lower": 0.12023147719909175,
      "ci_upper": 0.27976852280090825,
      "n_runs": 100
    },
    "utility": {
      "mean": 0.222,
      "std": 0.41183992182900536,
      "ci_lower": 0.14028202457668626,
      "ci_upper": 0.30371797542331375,
      "n_runs": 100
    }
  }
}