{
  "LLM_ONLY": {
    "feasibility": {
      "mean": 0.07,
      "std": 0.2564323999762428,
      "ci_lower": 0.019118248503115075,
      "ci_upper": 0.12088175149688493,
      "n_runs": 100
    },
    "personalization": {
      "mean": 0.05,
      "std": 0.21904291355759034,
      "ci_lower": 0.006537133779415102,
      "ci_upper": 0.0934628662205849,
      "n_runs": 100
    },
    "utility": {
      "mean": 0.046202942861242484,
      "std": 0.181755925081684,
      "ci_lower": 0.010138624101407659,
      "ci_upper": 0.08226726162107731,
      "n_runs": 100
    }
  }
}