{
  "LLM_ONLY": {
    "feasibility": {
      "mean": 0.05,
      "std": 0.2190429135575903,
      "ci_lower": 0.006537133779415102,
      "ci_upper": 0.0934628662205849,
      "n_runs": 100
    },
    "personalization": {
      "mean": 0.03,
      "std": 0.1714466079977653,
      "ci_lower": -0.00401872658811573,
      "ci_upper": 0.06401872658811572,
      "n_runs": 100
    },
    "utility": {
      "mean": 0.03820294286124249,
      "std": 0.17459942964795022,
      "ci_lower": 0.0035586280567642056,
      "ci_upper": 0.07284725766572078,
      "n_runs": 100
    }
  }
}