{
  "HYBRID": {
    "feasibility": {
      "mean": 0.26,
      "std": 0.4408440022768081,
      "ci_lower": 0.17252698576771563,
      "ci_upper": 0.3474730142322844,
      "n_runs": 100
    },
    "personalization": {
      "mean": 0.23,
      "std": 0.4229525846816507,
      "ci_lower": 0.14607703117573792,
      "ci_upper": 0.31392296882426207,
      "n_runs": 100
    },
    "utility": {
      "mean": 0.252,
      "std": 0.4307569095806998,
      "ci_lower": 0.1665284837996998,
      "ci_upper": 0.3374715162003002,
      "n_runs": 100
    }
  }
}