{
  "LLM_ONLY": {
    "feasibility": {
      "mean": 0.1,
      "std": 0.30151134457776363,
      "ci_lower": 0.040173607899318814,
      "ci_upper": 0.1598263921006812,
      "n_runs": 100
    },
    "personalization": {
      "mean": 0.08,
      "std": 0.27265992434429076,
      "ci_lower": 0.02589835560977883,
      "ci_upper": 0.13410164439022118,
      "n_runs": 100
    },
    "utility": {
      "mean": 0.09187840591348262,
      "std": 0.27997439364687515,
      "ci_lower": 0.0363254121250568,
      "ci_upper": 0.14743139970190844,
      "n_runs": 100
    }
  }
}