{
  "LLM_ONLY": {
    "feasibility": {
      "mean": 0.11,
      "std": 0.31446603773522014,
      "ci_lower": 0.047603115722756224,
      "ci_upper": 0.17239688427724378,
      "n_runs": 100
    },
    "personalization": {
      "mean": 0.09,
      "std": 0.2876234912646614,
      "ci_lower": 0.0329292592958191,
      "ci_upper": 0.14707074070418089,
      "n_runs": 100
    },
    "utility": {
      "mean": 0.10187840591348263,
      "std": 0.2941590244842775,
      "ci_lower": 0.04351087362909989,
      "ci_upper": 0.16024593819786537,
      "n_runs": 100
    }
  }
}