{
  "BASELINE": {
    "feasibility": {
      "mean": 0.27,
      "std": 0.4461960433384737,
      "ci_lower": 0.18146502470770132,
      "ci_upper": 0.3585349752922987,
      "n_runs": 100
    },
    "personalization": {
      "mean": 0.26,
      "std": 0.4408440022768081,
      "ci_lower": 0.17252698576771563,
      "ci_upper": 0.3474730142322844,
      "n_runs": 100
    },
    "utility": {
      "mean": 0.2587099302831894,
      "std": 0.431376971978873,
      "ci_lower": 0.17311538025073953,
      "ci_upper": 0.34430448031563926,
      "n_runs": 100
    }
  }
}