{
  "BASELINE": {
    "feasibility": {
      "mean": 0.27,
      "std": 0.4461960433384737,
      "ci_lower": 0.18146502470770132,
      "ci_upper": 0.3585349752922987,
      "n_runs": 100
    },
    "personalization": {
      "mean": 0.23,
      "std": 0.4229525846816507,
      "ci_lower": 0.14607703117573792,
      "ci_upper": 0.31392296882426207,
      "n_runs": 100
    },
    "utility": {
      "mean": 0.26,
      "std": 0.4334498677803327,
      "ci_lower": 0.1739941424687373,
      "ci_upper": 0.34600585753126273,
      "n_runs": 100
    }
  }
}