{
  "BASELINE": {
    "feasibility": {
      "mean": 0.27,
      "std": 0.4461960433384737,
      "ci_lower": 0.18146502470770132,
      "ci_upper": 0.3585349752922987,
      "n_runs": 100
    },
    "personalization": {
      "mean": 0.065,
      "std": 0.11021100056920202,
      "ci_lower": 0.04313174644192891,
      "ci_upper": 0.0868682535580711,
      "n_runs": 100
    },
    "utility": {
      "mean": 0.2598099313989202,
      "std": 0.4331241608607687,
      "ci_lower": 0.1738687011867623,
      "ci_upper": 0.34575116161107816,
      "n_runs": 100
    }
  }
}