{
  "HYBRID": {
    "feasibility": {
      "mean": 0.24,
      "std": 0.42923469599092784,
      "ci_lower": 0.15483052400057584,
      "ci_upper": 0.32516947599942414,
      "n_runs": 100
    },
    "personalization": {
      "mean": 0.21,
      "std": 0.40936018074033237,
      "ci_lower": 0.1287740590070553,
      "ci_upper": 0.2912259409929447,
      "n_runs": 100
    },
    "utility": {
      "mean": 0.23149407258014928,
      "std": 0.41757384367944195,
      "ci_lower": 0.14863836266336472,
      "ci_upper": 0.31434978249693385,
      "n_runs": 100
    }
  }
}