{
  "HYBRID": {
    "feasibility": {
      "mean": 0.21,
      "std": 0.40936018074033237,
      "ci_lower": 0.1287740590070553,
      "ci_upper": 0.2912259409929447,
      "n_runs": 100
    },
    "personalization": {
      "mean": 0.0,
      "std": 0.0,
      "ci_lower": 0.0,
      "ci_upper": 0.0,
      "n_runs": 100
    },
    "utility": {
      "mean": 0.21,
      "std": 0.40936018074033237,
      "ci_lower": 0.1287740590070553,
      "ci_upper": 0.2912259409929447,
      "n_runs": 100
    }
  }
}