{
  "HYBRID": {
    "feasibility": {
      "mean": 0.23,
      "std": 0.4229525846816507,
      "ci_lower": 0.14607703117573792,
      "ci_upper": 0.31392296882426207,
      "n_runs": 100
    },
    "personalization": {
      "mean": 0.2,
      "std": 0.4020151261036849,
      "ci_lower": 0.12023147719909175,
      "ci_upper": 0.27976852280090825,
      "n_runs": 100
    },
    "utility": {
      "mean": 0.22149407258014928,
      "std": 0.41090454202176324,
      "ci_lower": 0.13996169680380569,
      "ci_upper": 0.30302644835649284,
      "n_runs": 100
    }
  }
}