{
  "HYBRID": {
    "feasibility": {
      "mean": 0.25,
      "std": 0.4351941398892446,
      "ci_lower": 0.16364804104006903,
      "ci_upper": 0.336351958959931,
      "n_runs": 100
    },
    "personalization": {
      "mean": 0.22,
      "std": 0.41633319989322654,
      "ci_lower": 0.13739046072636435,
      "ci_upper": 0.30260953927363565,
      "n_runs": 100
    },
    "utility": {
      "mean": 0.2414940725801493,
      "std": 0.42390006722612217,
      "ci_lower": 0.15738310266327996,
      "ci_upper": 0.3256050424970186,
      "n_runs": 100
    }
  }
}