{
  "HYBRID": {
    "feasibility": {
      "mean": 0.29,
      "std": 0.45604802157206864,
      "ci_lower": 0.1995101784859253,
      "ci_upper": 0.3804898215140746,
      "n_runs": 100
    },
    "personalization": {
      "mean": 0.0,
      "std": 0.0,
      "ci_lower": 0.0,
      "ci_upper": 0.0,
      "n_runs": 100
    },
    "utility": {
      "mean": 0.27953149323666177,
      "std": 0.45052952079975356,
      "ci_lower": 0.19013666200056412,
      "ci_upper": 0.3689263244727594,
      "n_runs": 100
    }
  }
}