{
  "HYBRID": {
    "feasibility": {
      "mean": 0.24,
      "std": 0.42923469599092784,
      "ci_lower": 0.15483052400057584,
      "ci_upper": 0.32516947599942414,
      "n_runs": 100
    },
    "personalization": {
      "mean": 0.21,
      "std": 0.40936018074033237,
      "ci_lower": 0.1287740590070553,
      "ci_upper": 0.2912259409929447,
      "n_runs": 100
    },
    "utility": {
      "mean": 0.23199999999999998,
      "std": 0.41848210562373245,
      "ci_lower": 0.14896407120858124,
      "ci_upper": 0.31503592879141873,
      "n_runs": 100
    }
  }
}