{
  "LLM_ONLY": {
    "feasibility": {
      "mean": 0.07,
      "std": 0.2564323999762428,
      "ci_lower": 0.019118248503115075,
      "ci_upper": 0.12088175149688493,
      "n_runs": 100
    },
    "personalization": {
      "mean": 0.0,
      "std": 0.0,
      "ci_lower": 0.0,
      "ci_upper": 0.0,
      "n_runs": 100
    },
    "utility": {
      "mean": 0.05788964686801007,
      "std": 0.21832834389952513,
      "ci_lower": 0.014568566770287401,
      "ci_upper": 0.10121072696573274,
      "n_runs": 100
    }
  }
}