{
  "LLM_ONLY": {
    "feasibility": {
      "mean": 0.06,
      "std": 0.23868325657594203,
      "ci_lower": 0.01264006362421656,
      "ci_upper": 0.10735993637578344,
      "n_runs": 100
    },
    "personalization": {
      "mean": 0.04,
      "std": 0.19694638556693236,
      "ci_lower": 0.0009215643204418325,
      "ci_upper": 0.07907843567955816,
      "n_runs": 100
    },
    "utility": {
      "mean": 0.04220294286124249,
      "std": 0.17825894138585519,
      "ci_lower": 0.006832501534276142,
      "ci_upper": 0.07757338418820883,
      "n_runs": 100
    }
  }
}